string_index,name
0,TEXTRESOURCE
1,<F000><F000><F000><F000><F000><F000><F000><F000><F000><F000><F000><F000><F000><F000><F000><F000><F000><F000><F000><F000><F000><F000><F000><F000><F000><F000><F000><F000><F000><F000><F000><F000>_!$<F000><F000><F000><F000>$()*+<0047>-<0048><004F>0123456789:<F000><F000><0010><F000>?<F000>ABCDEFGHIJKLMNOPQRSTUVWXYZ<004D><0050><004E><000F>^$abcdefghijklmnopqrstuvwxyz<F000><F000><F000><F000><0054>
2,????????
3,##
4,CULUMON
5,????????
6,CHARG<0053>I<0053>NG<F000>_I<0053>NCOMPLETE<0048>
7,PLEASE<F000>REMOVE<F000>USB<F000>_CABLE<0048>
8,SOUND<F000>VOLUME
9,DISPLAY<F000>BRIGHTNESS
10,VIBRATION
11,CLOCK<F000>SETTINGS
12,STEP_SPEED<F000>*5
13,CLEAR_ALL
14,0
15,1
16,2
17,3
18,4
19,ON
20,OFF
21,YES
22,NO
23,REALLY?
24,SAVE_AND<F000>POWER_OFF
25,ITEM
26,AREA-1
27,AREA-2
28,AREA-3
29,AREA-4
30,AREA-5
31,AREA-6
32,AREA-7
33,AREA-8
34,AREA-9
35,AREA-10
36,AREA-11
37,AREA-12
38,AREA-13
39,AREA-14
40,AREA-15
41,AREA-16
42,AREA-17
43,AREA-18
44,AREA-19
45,AREA-20
46,AREA-21
47,AREA-22
48,AREA-23
49,AREA-24
50,AREA-25
51,AREA-26
52,AREA-27
53,AREA-28
54,AREA-29
55,AREA-30
56,AREA-31
57,AREA-32
58,AREA-33
59,AREA-34
60,AREA-35
61,AREA-36
62,AREA-37
63,AREA-38
64,AREA-39
65,AREA-40
66,AREA-41
67,AREA-42
68,AREA-43
69,AREA-44
70,AREA-45
71,AREA-46
72,AREA-47
73,AREA-48
74,AREA-49
75,AREA-50
76,BATTLE
77,BOSS
78,EVENT
79,SECRET
80,??????
81,?<004F>?
82,The_Biggest_Dreamer(TV_size)
83,SLASH!!
84,EVO
85,One_Vision(DUKEMON_MATRIX_EVOLUTION_VERSION)
86,One_Vision(SAKUYAMON_MATRIX_EVOLUTION_VERSION)
87,One#Vision(GARGOMON_MATRIX_EVOLUTION_VERSION)
88,3_Primary_Colors
89,BGM_OFF
90,TRAINABLE
91,DIGIMENTAL_SEARCH_POINT
92,+10
93,FAST#ATTACK#HIT1
94,HIT+1
95,HIT+1
96,HIT+1
97,HP#RECOVERY
98,HIT+1
99,EASY#MINIGAME
100,DAMAGE-1
101,FAST#ATTACK#HIT1
102,PERFECT#DODGE
103,YUKIAGUMON#ATTACK
104,SNIMON#ATTACK
105,MERAMON#ATTACK
106,DAMAGE-2
107,FAST#ATTACK#HIT2
108,HIT+1
109,METALGARURUMON#ATTACK
110,EVOLUTION(PLAY#MODE)
111,MATRIX#EVOLUTION(PLAY#MODE)
112,DAMAGE-2
113,EASY#MINIGAME
114,HIT+2
115,FAST#ATTACK#HIT2
116,HIT+2
117,FAST#ATTACK#HIT3
118,DAMAGE-3
119,PERFECT#DODGE
120,HIT+3
121,HP#RECOVERY
122,MATRIX#EVOLUTION(PLAY#MODE)
123,HIT+2
124,HIT+3
125,LADYDEVIMON#ATTACK
126,YUKIDARUMON#ATTACK
127,PERFECT#DODGE
128,DAMAGE-3
129,-(PLAY#MODE)
130,FAST#ATTACK#HIT2
131,DAMAGE-2
132,SHELLMON#ATTACK
133,#
134,#
135,1:FAST#ATTACK#HIT1
136,2:HIT+1
137,3:HIT+1
138,4:HIT+1
139,5:HP#RECOVERY
140,6:HIT+1
141,7:EASY#MINIGAME
142,8:DAMAGE-1
143,9:FAST#ATTACK#HIT1
144,10:PERFECT#DODGE
145,11:YUKIAGUMON#ATTACK
146,12:SNIMON#ATTACK
147,13:MERAMON#ATTACK
148,14:DAMAGE-2
149,15:FAST#ATTACK#HIT2
150,16:HIT+1
151,17:METALGARURUMON#ATTACK
152,18:EVOLUTION(PLAY#MODE)
153,19:MATRIX#EVOLUTION(PLAY#MODE)
154,20:DAMAGE-2
155,21:EASY#MINIGAME
156,22:HIT+2
157,23:FAST#ATTACK#HIT2
158,24:HIT+2
159,25:FAST#ATTACK#HIT3
160,26:DAMAGE-3
161,27:PERFECT#DODGE
162,28:HIT+3
163,29:HP#RECOVERY
164,30:MATRIX#EVOLUTION(PLAY#MODE)
165,31:HIT+2
166,32:HIT+3
167,33:LADYDEVIMON#ATTACK
168,34:YUKIDARUMON#ATTACK
169,35:PERFECT#DODGE
170,36:DAMAGE-3
171,37:-(PLAY#MODE)
172,38:FAST#ATTACK#HIT2
173,39:DAMAGE-2
174,40:SHELLMON#ATTACK
175,41:#
176,42:#
177,#
178,#
179,#
180,#
181,#
182,#
183,#
184,#
185,#
186,#
187,#
188,#
189,#
190,#
191,#
192,#
193,#
194,#
195,#
196,#
197,#
198,#
199,#
200,#
201,#
202,#
203,#
204,#
205,#
206,#
207,#
208,#
209,#
210,#
211,#
212,#
213,#
214,#
215,#
216,#
217,#
218,#
219,GUILMON
220,GROWMON
221,MEGALOGROWMON
222,DUKEMON
223,MEGIDRAMON
224,DUKEMON<0057>GRANI
225,DUKEMON:CRIMSONMODE
226,RENAMON
227,KYUBIMON
228,TAOMON
229,SAKUYAMON
230,TERRIERMON
231,GALGOMON
232,RAPIDMON
233,SAINTGALGOMON
234,IMPMON
235,BEELZEBUMON
236,BEELZEBUMON<0057>BEHEMOTH
237,BEELZEBUMON:BLASTMODE
238,CYBERDRAMON
239,JUSTIMON
240,LEOMON
241,GUARDROMON
242,ANDROMON
243,MARINANGEMON
244,LOPMON
245,ANDIRAMON
246,LABRAMON
247,SIESAMON
248,GOBURIMON
249,HAGURUMON
250,OTAMAMON
251,BAKUMON
252,KOKUWAMON
253,FUGAMON
254,GORIMON
255,EVILMON
256,DOKUGUMON
257,DEVIDRAMON
258,ICEDEVIMON
259,MUSYAMON
260,DARKLIZAMON
261,MERAMON
262,TUCHIDARUMON
263,CLOCKMON
264,DOGMON
265,GEKOMON
266,WOODMON
267,CHRYSALIMON
268,KIWIMON
269,EBIDRAMON
270,DOBERMON
271,LYNXMON
272,ALLOMON
273,FLYBEEMON
274,HARPYMON
275,TYLOMON
276,MANTARAYMON
277,DEPTHMON
278,ARCHELOMON
279,PONCHOMON
280,PIPISMON
281,SEPIKMON
282,PTERANOMON
283,BAROMON
284,MIHIRAMON
285,SANDIRAMON
286,SINDURAMON
287,PAJIRAMON
288,VAJRAMON
289,INDARAMON
290,KUMBHIRAMON
291,VIKARALAMON
292,MAKURAMON
293,CATURAMON
294,MAJIRAMON
295,JYAGAMON
296,MEGADRAMON
297,KNIGHTMON
298,JYUREIMON
299,INFERMON
300,OROCHIMON
301,HANGYOMON
302,ANOMALOCARIMON
303,BLUEMERAMON
304,METALTYRANOMON
305,MEPHISMON
306,LOCOMON
307,JIJIMON
308,BABAMON
309,ZHUQIAOMON
310,QINGLONGMON
311,XUANWUMON
312,BAIHUMON
313,DIABLOMON
314,METALSEADRAMON
315,MUGENDRAMON
316,GRANKUWAGAMON
317,HOUOUMON
318,GRIFFOMON
319,BOLTMON
320,PLESIOMON
321,OMEGAMON
322,GULFMON
323,PARASIMON
324,GRANDLOCOMON
325,RUKI#MAKINO#(PARASIMON)
326,ADR-01#JURI
327,ADR-01#JURI
328,ADR-02#SEARCHER
329,ADR-03#PENDULUM#FEET
330,ADR-04#BUBBLES
331,ADR-05#CREEP#HANDS
332,ADR-06#HORN#STRIKER
333,ADR-07#PALATES#HEAD
334,ADR-08#OPTIMIZER
335,ADR-09#GATEKEEPER
336,MOTHER#D-REAPER
337,REAPER
